Brand,Category,Gtin,Item_Number,List_Price,Product_Name,Product_Url,Sale_Price,Status,Timestamp,Uniq_Id
Equate,Health | Equate | Equate Allergy | Equate Sinus Congestion & Nasal Care,632775553,569045548,10.48,"Equate Triamcinolone Acetonide Nasal Allergy Spray, 55 mcg per spray, 0.37 fl oz",https://www.walmart.com/ip/Equate-Triamcinolone-Acetonide-Nasal-Allergy-Spray-55-mcg-per-spray-0-37-fl-oz/632775553,10.48,S,2019-12-18 17:21:48 +0000,3a4ff306dcc8a6e2bf720964d29b84c3
Equate,Health | Probiotics | Equate Probiotics,521520463,560814026,21.94,"Equate Extra Care Probiotic Capsules, Delayed Release, 50 Count",https://www.walmart.com/ip/Equate-Extra-Care-Probiotic-Capsules-Delayed-Release-50-Count/521520463,21.94,S,2019-12-19 02:16:10 +0000,56bd8030554224123fecae8e648daad6
Equate,Personal Care | Feminine Care | Equate Pads,653557388,570641221,4.98,"Equate Maxi Pads with Wings, Regular, Size 1, 45 Count",https://www.walmart.com/ip/Equate-Maxi-Pads-with-Wings-Regular-Size-1-45-Count/653557388,4.98,S,2019-12-18 22:05:31 +0000,45add035a2602faaa6b952f7ee72f5c1
Equate,Personal Care | Oral Care | Toothbrush Replacement Heads,22089980,550626833,14.97,"Equate EasyFlex Flossing Replacement Toothbrush Heads, 3 Count",https://www.walmart.com/ip/Equate-EasyFlex-Flossing-Replacement-Toothbrush-Heads-3-Count/22089980,14.97,S,2019-12-18 15:00:02 +0000,9b56f9d54696fc0235035c0cb64ec32c
Equate Beauty,Personal Care | Bath & Body | Body Wash & Shower Gel,959980726,"",10.63,"(3 pack) Equate Beauty Lavender Pure Castile Soap, 16 fl oz",https://www.walmart.com/ip/3-pack-Equate-Beauty-Lavender-Pure-Castile-Soap-16-fl-oz/959980726,10.63,S,2019-12-18 19:18:02 +0000,e3574b6e77d1399bdad208b0d5350d12
Equate,Health | Caregiver | Restock Essentials | Eye Care,21002523,550247837,10.48,"Equate Contact Lens Solution Cleaning & Disenfecting Lens Care System, 12 fl oz , 2 Pk",https://www.walmart.com/ip/Equate-Contact-Lens-Solution-Cleaning-Disenfecting-Lens-Care-System-12-fl-oz-2-Pk/21002523,10.48,S,2019-12-18 23:44:08 +0000,15b6a448ba2b5df5da344a29ee20fed2
Equate,Health | Home Health Care | Patient Care,344776932,557650136,3.54,"Equate Gauze Pads, 25 count",https://www.walmart.com/ip/Equate-Gauze-Pads-25-count/344776932,3.54,S,2019-12-18 18:00:42 +0000,c99e7282cd4f797373a1d3f7ba66a35b
Equate Beauty,Beauty | Beauty by Top Brands | Equate Beauty | Equate Skincare,927406127,564766477,4.67,"Equate Beauty Night-Time Firming Cream, 2 oz",https://www.walmart.com/ip/Equate-Beauty-Night-Time-Firming-Cream-2-oz/927406127,4.67,S,2019-12-18 16:58:04 +0000,03b94f9a9b38f452c5e778e2a61c478c
Equate,Health | Vitamins & Supplements | Minerals | Minerals,24681635,568063306,6.98,"Equate Calcium Citrate+D3 Petites Tablets, 200 count",https://www.walmart.com/ip/Equate-Calcium-Citrate-D3-Petites-Tablets-200-count/24681635,6.98,S,2019-12-19 03:34:17 +0000,20c45e1a0a0e897562b3e3d2305f7114
Equate,Personal Care | Feminine Care | All Feminine Care,20691509,569811751,3.76,"Equate Maxi Pads wih Flexi-Wings, Extra Heavy Overnight, Size 5, 20 Count",https://www.walmart.com/ip/Equate-Maxi-Pads-wih-Flexi-Wings-Extra-Heavy-Overnight-Size-5-20-Count/20691509,3.76,S,2019-12-18 22:05:15 +0000,ae8e9b54ff2068e7e8aad4bb0ce9a956
Equate Beauty,Health | Equate | Equate Facial Care,120248993,571057534,5.26,"Equate Beauty Charcoal Pore Strips for Nose & Face Combo Pack, 14 count",https://www.walmart.com/ip/Equate-Beauty-Charcoal-Pore-Strips-for-Nose-Face-Combo-Pack-14-count/120248993,5.26,S,2019-12-18 16:57:57 +0000,841ccf2960c1658a6a687baa339230e7
Equate,Health | Childrens Health Shop | Childrens Medicine Cabinet | Childrens Allergy,655070775,569923342,13.64,"Equate Childrens Loratadine Oral Solution 5 mg/5 mL, Allergy Relief , 8 fl oz",https://www.walmart.com/ip/Equate-Children-s-Loratadine-Oral-Solution-5-mg-5-mL-Allergy-Relief-8-fl-oz/655070775,13.64,S,2019-12-18 17:22:16 +0000,901c1c2fab1c95db5794db208cd34b2b
Equate,Health | Equate | Equate Digestive Health | Equate Nausea & Motion Sickness Relief,22822794,4017202,1.47,"Equate Less-Drowsy Motion Sickness Relief Tablets, 25 mg, 8 count",https://www.walmart.com/ip/Equate-Less-Drowsy-Motion-Sickness-Relief-Tablets-25-mg-8-count/22822794,1.47,S,2019-12-19 01:57:54 +0000,515996a542d7718c53cfa61c837b34f9
Equate,Health | Weight Management | Weight Management On the Go,398297398,575236247,5.94,"Equate Original Nutritional Drink, Banana, 6pk",https://www.walmart.com/ip/Equate-Original-Nutritional-Drink-Banana-6pk/398297398,5.94,S,2019-12-18 12:23:25 +0000,4d79876899141596390fa42b5ca1c896
Equate,Health | Allergy and Sinus | Equate Allergy Tablets,13848526,556269210,3.28,"Equate Loratadine Tablets 10 mg, Allergy Relief, 10 Count",https://www.walmart.com/ip/Equate-Loratadine-Tablets-10-mg-Allergy-Relief-10-Count/13848526,2.48,S,2019-12-18 17:18:40 +0000,03ca2f88209d53a93782f3be28c3abe1
Equate,Personal Care | Oral Care | Equate Oral Care,767829387,556064315,4.47,"Equate Multi Level Soft Orbit Toothbrush, 4 count",https://www.walmart.com/ip/Equate-Multi-Level-Soft-Orbit-Toothbrush-4-count/767829387,4.47,S,2019-12-18 20:42:12 +0000,72d2157d1dab9c355428c7579ebdd9ca
Equate,Health | Digestive Health | Equate Digestive Health,10324465,568498091,2.96,"Equate Regular Strength Stomach Relief Liquid, 525 mg, 16 fl oz",https://www.walmart.com/ip/Equate-Regular-Strength-Stomach-Relief-Liquid-525-mg-16-fl-oz/10324465,2.96,S,2019-12-19 02:11:31 +0000,2d03580d7effd47ff522382fff874650
Equate,Health | Equate | Equate Home Health | Equate Mobility Aids,14179114,567994768,13.74,"Equate Comfort Grip Cane, Black",https://www.walmart.com/ip/Equate-Comfort-Grip-Cane-Black/14179114,13.74,S,2019-12-19 01:17:28 +0000,7899cb5a936f0b7a64dc800a09746207
Equate,Personal Care | Oral Care | Childrens Oral Care,35230561,552010879,6.97,"Equate VibraClean Pulsating Soft Power Toothbrush, 2 Count",https://www.walmart.com/ip/Equate-VibraClean-Pulsating-Soft-Power-Toothbrush-2-Count/35230561,6.97,S,2019-12-18 20:54:04 +0000,1664525ea7676f0fc5d654a70739ff8e
Equate,Health | Vitamins & Supplements | Supplements,233966579,574376996,19.96,"Equate Advanced Eye Complex Softgels, 140 ct.",https://www.walmart.com/ip/Equate-Advanced-Eye-Complex-Softgels-140-ct/233966579,19.96,S,2019-12-19 04:03:56 +0000,bbc246fdea7f77e3dd4fa24c5857c8b4
Equate,Health | Caregiver | Restock Essentials | Quit Smoking,10324632,4032312,44.92,"Equate Nicotine Polacrilex Gum 2 mg (nicotine), Mint Flavor, Stop Smoking Aid 170 Pieces",https://www.walmart.com/ip/Equate-Nicotine-Polacrilex-Gum-2-mg-nicotine-Mint-Flavor-Stop-Smoking-Aid-170-Pieces/10324632,32.98,S,2019-12-18 18:30:08 +0000,d4795fb82b0bfbd104dc1bf33f84b983
Equate,Health | Equate | Equate Allergy | Equate Sinus Congestion & Nasal Care,484630642,"",9.96,"(3 Pack) Equate No Drip Severe Congestion Nasal Mist, 1 Fl Oz",https://www.walmart.com/ip/3-Pack-Equate-No-Drip-Severe-Congestion-Nasal-Mist-1-Fl-Oz/484630642,9.96,S,2019-12-18 17:17:14 +0000,a7cfcb65a0c466a5f581ab0bde3714e4
Equate,Personal Care | Bath & Body | Hand Soaps,319817478,"",7.37,"(2 pack) Equate Liquid Hand Soap, Water Lily, 56 Oz",https://www.walmart.com/ip/2-pack-Equate-Liquid-Hand-Soap-Water-Lily-56-Oz/319817478,7.37,S,2019-12-18 16:46:30 +0000,f92eee831dfe52312d6402cfb110af63
Equate,Health | Weight Management | On-the-Go Nutrition,10423525,4004334,5.12,"Equate Meal Replacement Shake, Strawberries & Cream, 11 Fl Oz, 6 Ct",https://www.walmart.com/ip/Equate-Meal-Replacement-Shake-Strawberries-Cream-11-Fl-Oz-6-Ct/10423525,5.12,S,2019-12-18 12:24:57 +0000,546a020ffa3af8e91ffd3713f0d9ab85
Equate,Health | Restock Health Essentials | Pain Relievers,22822797,550375857,5.97,"Equate Adult Low Dose Aspirin Enteric Coated Tablets, Twin Pack, 81 mg, 500 count",https://www.walmart.com/ip/Equate-Adult-Low-Dose-Aspirin-Enteric-Coated-Tablets-Twin-Pack-81-mg-500-count/22822797,5.97,S,2019-12-18 17:58:50 +0000,b93b88f876baa732a925a8470e18f801
Equate,Baby | Diapering | Baby Care,817256372,575136625,2.34,"Equate Tear-Free Baby Shampoo, 21 fl oz",https://www.walmart.com/ip/Equate-Tear-Free-Baby-Shampoo-21-fl-oz/817256372,2.34,S,2019-12-18 08:34:23 +0000,a2d13576ac6d6636f3518a7e0299e4f9
Equate,Health | Equate | Equate Personal Care | Womens,384653117,574602844,8.97,"Equate Options Incontinence Pads for Women, Maximum, Long, 45 Count",https://www.walmart.com/ip/Equate-Options-Incontinence-Pads-for-Women-Maximum-Long-45-Count/384653117,8.97,S,2019-12-18 21:47:39 +0000,3d1da7b575427d0b8e1f8ee49d83e150
Equate,Health | Caregiver | Restock Essentials | Heartburn & Antacids,10324782,550376600,14.97,"Equate Omeprazole Delayed Release Tablets 20 mg, treats frequent heartburn, 42 Count",https://www.walmart.com/ip/Equate-Omeprazole-Delayed-Release-Tablets-20-mg-treats-frequent-heartburn-42-Count/10324782,14.97,S,2019-12-18 17:43:50 +0000,56f9337fefa955d70d0c0f24468c97fd
Equate,Health | Caregiver | Restock Essentials | Quit Smoking,10324743,566886745,32.98,"Equate Nicotine Polacrilex Lozenges, 4 mg (nicotine), Mint Flavor, Stop Smoking Aid 108 Count",https://www.walmart.com/ip/Equate-Nicotine-Polacrilex-Lozenges-4-mg-nicotine-Mint-Flavor-Stop-Smoking-Aid-108-Count/10324743,32.98,S,2019-12-18 18:19:59 +0000,e74bed63bc4091fe80ec6c186476f057
Equate,Health | Digestive Health | Antidiarrheals,11997255,573360096,7.88,"Loperamide HCl Soft Gelatin Capsules, 2 mg - Anti-Diarrheal",https://www.walmart.com/ip/Loperamide-HCl-Soft-Gelatin-Capsules-2-mg-Anti-Diarrheal/11997255,7.88,S,2019-12-19 02:13:35 +0000,c66311a8176e33c68c5e2e73d3c027e0
Equate,Food | Beverages | Water | All Waters,473978309,"",7.37,"(2 pack) Equate Liquid Hand Soap, Mango & Coconut Water, 56 Oz",https://www.walmart.com/ip/2-pack-Equate-Liquid-Hand-Soap-Mango-Coconut-Water-56-Oz/473978309,7.37,S,2019-12-18 10:54:02 +0000,a6dfc4419ee0865a7e5990dd84248d40
Equate,Health | Vitamins & Supplements | Multivitamins | All Multivitamins,447722603,"",6.99,(2 Pack) Equate 1-daily Womens 100 Ct,https://www.walmart.com/ip/2-Pack-Equate-1-daily-Womens-100-Ct/447722603,6.99,S,2019-12-19 03:10:14 +0000,0941ae3dfdb49a1f10e8b13da581fd8a
Equate,Health | Equate | Equate Eye Care | Equate Contact Lens Solution,34771927,551826459,11.48,"Equate Moisture Last Multi-Purpose Solution, 12 fl oz, 2 count",https://www.walmart.com/ip/Equate-Moisture-Last-Multi-Purpose-Solution-12-fl-oz-2-count/34771927,9.98,S,2019-12-18 23:36:34 +0000,43fdfc04bc5a583043918f2d6c894579
Equate,Beauty | Here for Every Beauty | Exclusives,455649504,565877610,4.77,"Equate Beauty Blonde & Silver Shampoo, 16 fl oz",https://www.walmart.com/ip/Equate-Beauty-Blonde-Silver-Shampoo-16-fl-oz/455649504,4.77,S,2019-12-18 15:47:47 +0000,2cfc8520857b36f3afcec346edf89a22
Equate,Health | Caregiver | Multivitamins,10324623,562925801,7.88,"Equate Complete Multivitamin Tablets, Adults 50+, 220 count",https://www.walmart.com/ip/Equate-Complete-Multivitamin-Tablets-Adults-50-220-count/10324623,7.88,S,2019-12-19 03:10:49 +0000,4e56e4792f44aabe046d2b5f2c56e358
Equate,Health | Equate | Equate Home Health | Equate Braces & Supports,570449671,"",5.78,"(2 Pack) Equate Elastic Ankle Support, M/L",https://www.walmart.com/ip/2-Pack-Equate-Elastic-Ankle-Support-M-L/570449671,5.78,S,2019-12-19 01:00:02 +0000,10fda6cbf51e54368cde42c49bb51831
Equate,Health | Restock Health Essentials | Foot Care,236528621,"",5.86,"(2 Pack) Equate Athletes Foot Powder Spray, 4.6 oz",https://www.walmart.com/ip/2-Pack-Equate-Athlete-s-Foot-Powder-Spray-4-6-oz/236528621,5.86,S,2019-12-18 18:16:03 +0000,2bc98c91ded9e465bb04b373538b7e44
Equate,Health | Restock Health Essentials | Smoking Cessation,11047695,4035706,35.98,"Equate Coated Nicotine Polacrilex Gum, 4 mg (nicotine), Mint Flavor, Stop Smoking Aid 160 Count",https://www.walmart.com/ip/Equate-Coated-Nicotine-Polacrilex-Gum-4-mg-nicotine-Mint-Flavor-Stop-Smoking-Aid-160-Count/11047695,35.98,S,2019-12-18 18:29:05 +0000,ae1e02345bae3144a27b62a30ea84a84
Equate Beauty,Health | Foot Care | Foot Care Deals | Foot Care Deals,844704877,574195314,9.88,Equate Beauty Tip-To-Toe Kit,https://www.walmart.com/ip/Equate-Beauty-Tip-To-Toe-Kit/844704877,6.92,S,2019-12-18 18:02:08 +0000,b47c2faadd197129969cfef79bcbf0b4
Equate,Health | Weight Management | Weight Management On the Go,676275035,566817336,15.97,"Equate High Protein Nutritional Shakes, Chocolate, 8 Fl Oz, 16 Ct",https://www.walmart.com/ip/Equate-High-Protein-Nutritional-Shakes-Chocolate-8-Fl-Oz-16-Ct/676275035,15.97,S,2019-12-18 12:25:05 +0000,b41c53b9712f8c8514e3352c339e3768
Equate,Health | Restock Health Essentials | Digestive Health | Antacids,11047090,555307532,3.82,"Equate Ultra Strength Antacid Tropical Fruit Chewable Tablets, 1000 mg, 160 Count",https://www.walmart.com/ip/Equate-Ultra-Strength-Antacid-Tropical-Fruit-Chewable-Tablets-1000-mg-160-Count/11047090,3.82,S,2019-12-18 19:29:04 +0000,b78b7992f380c6849b5ba35e9853e104
Equate Beauty,Beauty | Beauty by Top Brands | Equate Beauty | Equate Skincare,186385280,564508436,2.87,"Equate Beauty Foaming Facial Cleanser, 12 fl oz",https://www.walmart.com/ip/Equate-Beauty-Foaming-Facial-Cleanser-12-fl-oz/186385280,2.87,S,2019-12-18 17:15:38 +0000,7b564dabadcf46e693373c4bda51c43a
Equate,Personal Care | Feminine Care | All Feminine Care,17325311,4000184,3.88,"Equate Thin Daily Liners, Regular, Unscented, 120 Ct",https://www.walmart.com/ip/Equate-Thin-Daily-Liners-Regular-Unscented-120-Ct/17325311,3.88,S,2019-12-18 22:05:42 +0000,04b84cae99367ba120f9b71374e1d1dc
Equate,Health | Aromatherapy | Aromatherapy,100500641,"",4.94,"(2 Pack) Equate Baby Oil, Lavender, 20 Fl Oz",https://www.walmart.com/ip/2-Pack-Equate-Baby-Oil-Lavender-20-Fl-Oz/100500641,4.94,S,2019-12-18 17:30:59 +0000,1ab6ebdccc3bbb7c4ba9ab78775c9779
Equate,Health | Equate | Equate Pain Relievers | Equate Specialty Pain Relievers | Equate Hemorrhoid Relief,47094269,555045189,5.98,"Equate Maximum Strength Medicated Cool Relief Hemorrhoidal Pads, 200 count",https://www.walmart.com/ip/Equate-Maximum-Strength-Medicated-Cool-Relief-Hemorrhoidal-Pads-200-count/47094269,5.98,S,2019-12-18 17:54:58 +0000,a50f2b60a3ae3aaa900a2053a3cae411
Equate,Health | Ear Care | Ear Plugs,537618199,"",4.88,"(2 Pack) Equate Dual-Use Earplugs with Cords, 2 Pk",https://www.walmart.com/ip/2-Pack-Equate-Dual-Use-Earplugs-with-Cords-2-Pk/537618199,4.88,S,2019-12-18 23:31:21 +0000,454900b977530ddf2f1b17e64d759d3b
Equate,Personal Care | Bath & Body | Hand Soaps,316000851,"",7.37,"(2 pack) Equate Liquid Hand Soap, Coconut Ginger, 56 Oz",https://www.walmart.com/ip/2-pack-Equate-Liquid-Hand-Soap-Coconut-Ginger-56-Oz/316000851,7.37,S,2019-12-18 16:41:19 +0000,b83a955b9d1c84aa9f3e820709907975
Equate Beauty,Beauty | Beauty by Top Brands | Equate Beauty | Equate Skincare,325608406,563426771,5.34,"Equate Beauty Hydrating Cleanser, 12 fl oz",https://www.walmart.com/ip/Equate-Beauty-Hydrating-Cleanser-12-fl-oz/325608406,5.34,S,2019-12-18 17:09:10 +0000,161bb9141d35bfe83fce7a4093f3ac6b
Equate,Personal Care | Feminine Care | All Feminine Care,10423559,272989,3.76,"Equate Maxi Pads with Aloe, Moderate, Super, 48 Count",https://www.walmart.com/ip/Equate-Maxi-Pads-with-Aloe-Moderate-Super-48-Count/10423559,3.76,S,2019-12-18 22:13:44 +0000,fd6b8fa41ca16b34222d86305cba0b4b
Equate,Health | Caregiver | Restock Essentials | Allergy,181987706,556005899,7.48,"Equate Allergy Relief Fluticasone Propionate 50mcg, 60 sprays",https://www.walmart.com/ip/Equate-Allergy-Relief-Fluticasone-Propionate-50mcg-60-sprays/181987706,7.48,S,2019-12-18 17:19:53 +0000,a5c6a6104b8ee1f21c4575ec2f424094
Equate,Personal Care | Shaving | Razors,46309442,554292782,4.86,"Equate 5 Blade Disposable Razors for Women, 3 count",https://www.walmart.com/ip/Equate-5-Blade-Disposable-Razors-for-Women-3-count/46309442,4.86,S,2019-12-18 21:20:40 +0000,540fa91dbe4d11d60d4c6ddeef46a77c
Equate,Health | Equate | Equate First Aid | Equate Bandages & Gauze Pads,438103108,566857732,3.36,"\"Equate Self-Adhering Sports Wrap, 3\"\" X 2.2 yds\"",https://www.walmart.com/ip/Equate-Self-Adhering-Sports-Wrap-3-X-2-2-yds/438103108,3.36,S,2019-12-18 18:10:20 +0000,0937a604ac5143b195b977da3e878474
Equate,Personal Care | Sun Care | Sunscreen,605043256,566589212,11.19,"Equate Kids Mineral Based Sunscreen Stick, Broad Spectrum, SPF 50, 1.5 Oz",https://www.walmart.com/ip/Equate-Kids-Mineral-Based-Sunscreen-Stick-Broad-Spectrum-SPF-50-1-5-Oz/605043256,11.19,S,2019-12-18 16:26:26 +0000,432a8b61b3679c72e8e8a8c8bacf2b26
Equate,Personal Care | Incontinence | All Incontinence,24389832,562904051,8.97,"Equate Body Curve Pads, Ultimate Absorbency, Regular Length, 27 Ct",https://www.walmart.com/ip/Equate-Body-Curve-Pads-Ultimate-Absorbency-Regular-Length-27-Ct/24389832,8.97,S,2019-12-18 21:38:26 +0000,5a4c7c32408eb8baff1688c88e87b55a
